{
    "id1": [
        {
            "key":"33335027217836",
            "content":"Be Better",
            "status":"Incomplete"
        },
        {
            "key":"cba93584304242",
            "content":"Excercise Daily",
            "status":"Incomplete"
        },
        {
            "key":"10667198c17a2a",
            "content":"Fall in Love",
            "status":"Incomplete"
        },
        {
            "key":"c0049cc5a21a095",
            "content":"Read A Book",
            "status":"Incomplete"
        }
    ],
    "id2":[
        {
            "key":"75b46a626138bb",
            "content":"Make a note!",
            "status":"Incomplete"
        },
        {
            "key":"9a6b573371c3b54",
            "content":"Fuck off!",
            "status":"Incomplete"
        },
        {
            "key":"423489c35099965",
            "content":"Laugh out loud!",
            "status":"Incomplete"
        },
        {
            "key":"18608b4ba9801c7",
            "content":"Maybe Die!",
            "status":"Incomplete"
        }
    ],
    "id3":[
        {
            "key":"c6080094726a01",
            "content":"Make Some Sense!",
            "status":"Incomplete"
        },
        {
            "key":"8487a326529472",
            "content":"Start Now",
            "status":"Incomplete"
        },
        {
            "key":"61241014406c21",
            "content":"Google it!",
            "status":"Incomplete"
        },
        {
            "key":"54056371b641245",
            "content":"Get a Better Laptop!",
            "status":"Incomplete"
        }
    ]
}